Problem_ID,Category,Senior_Problem,Product_Solution,Caregiver_Hook,Benefit,Success_Rate,Best_For,Affiliate_Link,Setup_Difficulty,Battery_Life,Alert_Method,FAQ_Tech_Q,FAQ_Tech_A,FAQ_Safety_Q,FAQ_Safety_A,FAQ_Value_Q,FAQ_Value_A,FAQ_Privacy_Q,FAQ_Privacy_A,FAQ_Monthly_Fee_Q,FAQ_Monthly_Fee_A,,
gps-dementia-tracker,Safety,Parent wandering at night,AngelSense Guardian,Includes non-removable fasteners,GPS tracking for dementia safety,98%,Seniors with dementia prone to wandering,https://amzn.to/placeholder,10-Min App Setup,24-Hour Active,Live GPS Alerts,How difficult is setup?,Primary guardians invite users via app.,Is data private?,Encrypted AWS servers.,Does it stay on?,Uses non-removable fasteners.,Is location real-time?,Yes updates every 10 seconds.,Is there a monthly fee?,Required for cellular GPS.,,
automatic-pill-dispenser,Health,Missing doses,Hero Health Dispenser,Automated sorting and light alerts,Automated medication safety,99%,Seniors with complex schedules,https://amzn.to/placeholder,Plug & Play,Battery Backup,Pill-Drop Notification,Handle liquids?,Reminders only for liquids.,Power outage?,Physical key for manual access.,Refill frequency?,Holds 90-day supply.,Is med data secure?,HIPAA-compliant cloud.,Monthly subscription?,Required for Hero services.,,
fall-detection-watch,Safety,Falling in the bathroom,Apple Watch Series 9,Automatic emergency dialing,Fall detection for active seniors,95%,Active seniors at risk of falls,https://amzn.to/placeholder,iPhone Pairing,18-Hour Daily,Watch + iPhone,Work without phone?,Requires cellular model.,Is it waterproof?,Yes swim-proof.,Accidental alerts?,You have 30s to cancel.,Who sees my health data?,Encrypted on-device only.,Cellular fee?,Optional for standalone use.,,
bed-exit-alarm,Safety,Nighttime fall risk,Smart Caregiver Wireless,Early warning for caregivers,Wireless fall prevention,92%,Seniors prone to night wandering,https://amzn.to/placeholder,2-Min Wireless,1-Year Pad Life,Remote Pager Alert,Is it loud?,Adjustable volume pager.,Is it wireless?,Yes 300ft range.,Can pad be washed?,Wipe clean only.,Does it track sleep?,No purely a pressure sensor.,Any recurring fees?,None one-time purchase.,,
hearing-aid-alternative,Health,Struggling with conversations,Sony CRE-C10 OTC,Medical grade in-ear tech,OTC hearing support,91%,Seniors with mild-to-moderate loss,https://amzn.to/placeholder,App-Driven,70-Hour Battery,On-Device Auto,Need prescription?,No FDA cleared OTC.,Is it visible?,Nearly invisible in-ear.,Work with iPhone?,Yes via Sony App.,Is data collected?,Usage stats only.,What is the warranty?,1-year limited warranty.,Maintenance cost?,Batteries + domes only.
remote-patient-monitor,Health,Unstable vitals,Withings BPM Connect,Instant doctor-ready data,Remote health monitoring,94%,Seniors with hypertension,https://amzn.to/placeholder,Single Button,6-Month Recharge,Health App Sync,Multiple users?,Supports up to 8 users.,Is it accurate?,FDA Cleared/Clinically Valid.,How to share?,Auto-syncs to app.,Is vitals data safe?,End-to-end encryption.,Subscription?,Free core features.,,
elderly-friendly-phone,Independence,Complexity of tech,RAZ Memory Cell Phone,One-touch picture dialing,Simplified senior connection,97%,Seniors with cognitive decline,https://amzn.to/placeholder,Remote Portal,2-Day Standby,Emergency Contact,Can they wander?,Caregiver can track via GPS.,Is it durable?,Ruggedized case included.,Limit calls?,Only allowed contacts can call.,Is it private?,No web browser included.,Monthly fee?,Works with any SIM.,,
lift-chair-recliner,Independence,Difficulty standing,Signature Design Yandel,Dual motor power lift,Mobility and independence,99%,Seniors with limited leg strength,https://amzn.to/placeholder,Tools Included,AC Power,Wired Remote,Weight limit?,Supports up to 300lbs.,Is it leather?,Easy-clean faux leather.,Emergency battery?,Requires 9V backups.,Is remote simple?,Yes two large buttons.,Is there a warranty?,Manufacturer limited.,Maintenance?,Dust and check bolts.
smart-stove-shutoff,Home Safety,Stove left on,iGuardStove,Automatic fire prevention,Home safety for memory loss,99%,Seniors living alone,https://amzn.to/placeholder,Hardwired/Plug,Constant Power,SMS Fire Alert,Does it cut gas?,Versions for Gas and Electric.,Is it manual?,Can be used manually.,Caregiver override?,Yes via online portal.,Does it monitor usage?,Yes tracks cooking times.,Insurance benefit?,Many providers offer discounts.,Is it a monthly cost?,Free basic shutoff.
arthritis-jar-opener,Independence,Struggling with kitchen tasks,Kitchen Mama Electric,Hands-free jar opening,Kitchen safety and ease,96%,Seniors with severe arthritis,https://amzn.to/placeholder,No Setup,Battery Operated,On-Device Only,Work on all jars?,Most standard sizes.,Sharp edges?,Leaves smooth safe edges.,Battery type?,4 AA batteries.,Is it heavy?,No lightweight plastic.,Is it noisy?,Moderate motor sound.,Is it easy to clean?,Wipe with damp cloth.
shower-safety-handle,Home Safety,Slipping in the tub,Moen Home Care 12-inch,Textured grip for wet hands,Bathroom stability,99%,Seniors with balance issues,https://amzn.to/placeholder,Drill Required,N/A,Visual Stability,Weight limit?,Supports 500lbs.,Rust proof?,Stainless steel.,Suction version?,No we recommend drilling.,Is it cold to touch?,Brushed finish helps.,Is it medical looking?,Classy chrome design.,Warranty?,Lifetime limited.
smart-leak-detector,Home Safety,Water damage/forgotten taps,Govee WiFi Sensor,Instant water alerts,Flood prevention,94%,Budget-conscious safety,https://amzn.to/placeholder,WiFi Pairing,1-Year Battery,100dB Siren + App,Is it waterproof?,IP66 rated.,WiFi required?,Yes for app alerts.,How many sensors?,Add up to 10 per hub.,Is it loud?,Yes audible across home.,Is data shared?,Only alert logs.,Cloud fee?,Optional cloud storage.
smart-wifi-cane,Independence,Fear of falling on walks,CAN Go Smart Cane,Integrated GPS and SOS,Active senior mobility,89%,Active seniors,https://amzn.to/placeholder,App-Driven,Rechargeable,Built-in Speaker,Does it have SOS?,Yes one-button calling.,Adjustable?,Length is adjustable.,Is it heavy?,Lightweight aluminum.,Is GPS accurate?,Yes uses LTE.,Monthly fee?,Subscription for LTE.,Does it light up?,Yes built-in LED.
video-calling-simplified,Independence,Isolation/Loneliness,ViewClix Smart Frame,Auto-answer for seniors,Social connection,92%,Seniors who can't use tablets,https://amzn.to/placeholder,Remote Setup,AC Power,Remote Managed,Is WiFi needed?,Yes or 4G LTE hub.,Who can call?,Caregiver-managed list.,Is it private?,No cameras except on calls.,Can I share photos?,Yes via app.,Is it a monthly fee?,Small cloud fee.,Is it always on?,Yes digital frame.
