Problem_ID,Category,Senior_Problem,Product_Solution,Caregiver_Hook,Benefit,Success_Rate,Best_For,Affiliate_Link,FAQ_Tech_Q,FAQ_Tech_A,FAQ_Safety_Q,FAQ_Safety_A,FAQ_Value_Q,FAQ_Value_A,
gps-dementia-tracker,Safety,Parent wandering at night,AngelSense Guardian,Includes non-removable fasteners.,GPS tracking for dementia safety.,98%,Seniors with dementia prone to wandering,https://amzn.to/placeholder,How difficult is the setup for multiple caregivers?,"Adding guardians is simple via the app. Primary guardians can invite unlimited users, and each person gets a secure login.",Is the location data private?,"Yes, data is stored on encrypted AWS servers and only accessible by authorized family members via the secure app.",What if the senior removes it?,AngelSense includes non-removable sensory fasteners designed to keep the device securely attached to clothing.,
automatic-pill-dispenser,Health,Missing doses,Hero Health Dispenser,Automated sorting and light alerts.,Automated medication safety.,99%,Seniors with complex medication schedules,https://amzn.to/placeholder,Can it handle liquid medications?,"The dispenser handles pills 3.7mm+. For liquids or gummies, the Hero app provides reminders even though they aren't in the machine.",What happens during a power outage?,"Hero includes a physical safety key, allowing you to manually access all medication if the power goes out.",How often does it need refilling?,"It holds up to a 90-day supply for 10 different meds, meaning you likely only need to refill it once a quarter.",
fall-detection-watch,Safety,Falling alone,Apple Watch Series 10,Most reliable fall detection in-industry.,Instant impact alerts.,94%,Active seniors who want safety without the 'medical' look,https://amzn.to/placeholder,Does it need a separate cellular plan?,"While it can work via a nearby iPhone, we recommend a standalone cellular plan so it works even if the phone is left at home.",Will it call 911 for every small bump?,"No, it uses advanced 'Hard Fall' algorithms. If it triggers falsely, you have 60 seconds to cancel before emergency services are called.",Do I need an iPhone to set it up?,"Yes, an iPhone is required for the initial setup and to manage the Medical ID health features.",
hearing-aid-alternative,Health,Mild hearing loss,Lucid Audio HearBetter,Simple physical rocker switches.,Clearer TV and conversation audio.,92%,Seniors who find apps too complex,https://amzn.to/placeholder,Is an app required to adjust the volume?,"No, this model features physical 'rocker switches' for volume, making it perfect for seniors who aren't tech-savvy.",Does it provide medical-grade hearing?,"It is a high-quality PSAP (Personal Sound Amplifier) designed for mild loss, not a replacement for a prescription aid.",Are the batteries rechargeable?,This specific model uses size 312 batteries which are widely available and last about 5-7 days of continuous use.,
smart-stove-shutoff,Home Safety,Memory loss in kitchen,iGuardStove Intelligent,Automatic motion-sensing shutoff.,Prevents unattended kitchen fires.,95%,Seniors living alone who enjoy cooking safely,https://amzn.to/placeholder,Does it require a new stove?,"No, it is an aftermarket device that installs on your existing gas or electric stove in about 20 minutes.",Does it work without the internet?,"Yes. While the app adds remote alerts, the core motion-sensing shut-off works 100% locally without any WiFi.",Will it turn off while I'm cooking a roast?,It includes a 'Manual Timer' mode for long-simmering dishes that temporarily overrides the motion sensor.,
arthritis-jar-opener,Independence,Painful grip while cooking,RoboTwist Electric Opener,Requires zero hand strength.,Reduces physical strain.,95%,Budget needs,https://amzn.to/placeholder,Does it work on all jars?,Works on lids 1.2 to 3.5 inches diameter.,Weak hand strength,Is it battery operated?,"Yes, uses 2 AA batteries.",Is it safe to leave out?,"Yes, the blade retracts automatically."
bed-exit-alarm,Safety,Falling getting up at night,Smart Caregiver Bed Pad,Instant movement alerts.,Prevent night-time falls.,91%,Mid-Range needs,https://amzn.to/placeholder,Is the alarm loud?,Volume is adjustable on the caregiver unit.,Night wandering risk,Is it comfortable?,The pad is thin and goes under the fitted sheet.,Is it wireless?,"Yes, signal range is approx 300ft."
elderly-friendly-phone,Independence,Complex smartphones,RAZ Memory Cell Phone,Only displays 6 photos of contacts.,Simplified cognitive support.,97%,Mid-Range needs,https://amzn.to/placeholder,Does it have internet?,No internet access to prevent confusion.,Dementia / Memory Loss,Can I manage it remotely?,"Yes, caregivers control contacts via app.",Is there a contract?,Works with most major GSM carriers.
lift-chair-recliner,Independence,Trouble standing up,Mcombo Electric Lift Sofa,Gently tilts chair forward.,Assisted standing support.,96%,Premium needs,https://amzn.to/placeholder,Does it recline fully?,"Yes, it has multiple recline positions.",Mobility issues,Is the motor loud?,Whisper quiet lifting mechanism.,Is fabric easy to clean?,"Yes, durable faux leather wipes clean."
remote-patient-monitor,Health,Doctor needs daily vitals,Withings BPM Connect,Sends data directly to caregiver app.,Seamless health data sharing.,93%,Mid-Range needs,https://amzn.to/placeholder,Do I need WiFi?,"Yes, for data sync to app.",Hypertension monitoring,Is it accurate?,FDA cleared for medical accuracy.,Is the cuff easy to use?,Slip-on cuff fits most arm sizes.
shower-safety-handle,Safety,Slipping in the bathroom,Amazon Basics Grab Bar,Stainless steel textured grip.,Essential stability support.,99%,Budget needs,https://amzn.to/placeholder,Does it use suction?,"No, must be drilled into studs.",Fall prevention,Is it rust proof?,"Yes, stainless steel construction.",Weight limit?,Supports up to 500lbs when installed correctly.
smart-leak-detector,Home Safety,Forgotten taps,Govee WiFi Water Sensor,Drips detected instantly.,Instant water damage alerts.,94%,Budget needs,https://amzn.to/placeholder,Is it waterproof?,IP66 rated specifically for leaks.,Memory loss / Forgetfulness,How loud is the alarm?,100dB siren plus phone alerts.,Battery life?,Batteries last over 1 year.
smart-wifi-cane,Independence,Loss of balance on walks,CAN Go Smart Cane,Built-in GPS and activity tracking.,Integrated safety for active seniors.,89%,High-Investment needs,https://amzn.to/placeholder,Does it have SOS?,"Yes, one button emergency calling.",Active seniors,Is it adjustable height?,"Yes, fully adjustable length.",Does it need charging?,"Yes, rechargeable battery included."
video-calling-simplified,Independence,Isolation and loneliness,ViewClix Smart Frame,Caregivers can 'Auto-Answer' calls.,Zero-friction video calling.,92%,Mid-Range needs,https://amzn.to/placeholder,Is WiFi required?,"Yes, for video calls and photos.",Combating loneliness,Can they call me?,"Yes, via a simple call button.",Is there a monthly fee?,Small fee for cloud features.
