Problem_ID,Category,Senior_Problem,Product_Solution,Caregiver_Hook,Featured,Friction_Score,Success_Rate,Monthly_Cost,Price_Value,Affiliate_Link
gps-dementia-tracker,Safety,Parent wandering at night,AngelSense Guardian,Includes a non-removable fastener so the senior cannot accidentally take it off.,True,4,98%,$45/mo,Premium,https://amzn.to/placeholder
automatic-pill-dispenser,Health,Missing doses or double-dosing,Hero Health Dispenser,Automated sorting and a flashing light alert mean no more 'did I take my pills?' phone calls.,True,3,99%,$29/mo,Mid-Range,https://amzn.to/placeholder
fall-detection-watch,Safety,Falling while home alone,Apple Watch Series 10,The 'Fall Detection' feature is the most reliable in the industry—it pings the caregiver instantly.,False,2,94%,$0,High-Investment,https://amzn.to/placeholder
hearing-aid-alternative,Health,Struggling to hear TV clearly,Lucid Audio HearBetter,Cheaper than prescription aids and perfect for seniors who only need a boost for conversations.,False,1,88%,$0,Budget,https://amzn.to/placeholder
smart-stove-shutoff,Home Safety,Leaving the stove on,iGuardStove Intelligent,Automatically cuts power to the stove when no motion is detected for 5 minutes.,False,7,96%,$0,Premium,https://amzn.to/placeholder
video-calling-simplified,Independence,Isolation and loneliness,ViewClix Smart Frame,Caregivers can 'Auto-Answer' calls so the senior doesn't have to touch a single button.,True,2,92%,$10/mo,Mid-Range,https://amzn.to/placeholder
arthritis-jar-opener,Independence,Painful grip while cooking,RoboTwist Electric Opener,Requires zero hand strength—just place it on the lid and press a single button.,False,1,95%,$0,Budget,https://amzn.to/placeholder
bed-exit-alarm,Safety,Falling while getting up at night,Smart Caregiver Bed Pad,Alerts your phone the second they lift their weight off the mattress.,False,5,91%,$0,Mid-Range,https://amzn.to/placeholder
anti-scald-shower-valve,Safety,Burning skin in the shower,Speakman Pressure Balance,A mechanical fix that prevents the water from ever reaching dangerous temperatures.,False,8,97%,$0,Mid-Range,https://amzn.to/placeholder
smart-wifi-cane,Independence,Loss of balance on walks,CAN Go Smart Cane,Built-in GPS and activity tracking plus a built-in flashlight for evening strolls.,True,3,89%,$20/mo,High-Investment,https://amzn.to/placeholder
remote-patient-monitor,Health,Doctor needs daily vitals,Withings BPM Connect,Sends blood pressure data directly to the caregiver app without needing a complex setup.,False,2,93%,$0,Mid-Range,https://amzn.to/placeholder
lift-chair-recliner,Independence,Trouble standing up from chairs,Mcombo Electric Lift Sofa,Gently tilts the entire chair forward to help the senior stand without straining knees.,False,4,96%,$0,Premium,https://amzn.to/placeholder
shower-safety-handle,Safety,Slipping in the bathroom,Amazon Basics Grab Bar,Stainless steel with a textured grip—essential for any bathroom with a tiled floor.,False,6,99%,$0,Budget,https://amzn.to/placeholder
smart-leak-detector,Home Safety,Flooding due to forgotten taps,Govee WiFi Water Sensor,Drips are detected instantly and send a loud siren and phone alert to the caregiver.,False,2,94%,$0,Budget,https://amzn.to/placeholder
elderly-friendly-phone,Independence,Complex smartphones,RAZ Memory Cell Phone,Only displays 6 photos of contacts—no menus or apps to get lost in.,False,1,97%,$0,Mid-Range,https://amzn.to/placeholder